ID;RegioS;Naam_2;SorteringNaam_3;Naam_29;ID;Gemeente;Provincie;Officiële Website (Publieksdienstverlening)
0;GM1680;Aa en Hunze                                       ;Aa en Hunze                                       ;Drenthe                                           ;0;Aa en Hunze;Drenthe;https://www.aaenhunze.nl
1;GM0358;Aalsmeer                                          ;Aalsmeer                                          ;Noord-Holland                                     ;1;Aalsmeer;Noord-Holland;https://www.aalsmeer.nl
2;GM0197;Aalten                                            ;Aalten                                            ;Gelderland                                        ;2;Aalten;Gelderland;https://www.aalten.nl
3;GM0059;Achtkarspelen                                     ;Achtkarspelen                                     ;Fryslân                                           ;3;Achtkarspelen;Fryslân;https://www.achtkarspelen.nl
4;GM0482;Alblasserdam                                      ;Alblasserdam                                      ;Zuid-Holland                                      ;4;Alblasserdam;Zuid-Holland;https://www.alblasserdam.nl
5;GM0613;Albrandswaard                                     ;Albrandswaard                                     ;Zuid-Holland                                      ;5;Albrandswaard;Zuid-Holland;https://www.albrandswaard.nl
6;GM0361;Alkmaar                                           ;Alkmaar                                           ;Noord-Holland                                     ;6;Alkmaar;Noord-Holland;https://www.alkmaar.nl
7;GM0141;Almelo                                            ;Almelo                                            ;Overijssel                                        ;7;Almelo;Overijssel;https://www.almelo.nl
8;GM0034;Almere                                            ;Almere                                            ;Flevoland                                         ;8;Almere;Flevoland;https://www.almere.nl
9;GM0484;Alphen aan den Rijn                               ;Alphen aan den Rijn                               ;Zuid-Holland                                      ;9;Alphen aan den Rijn;Zuid-Holland;https://www.alphenaandenrijn.nl
10;GM1723;Alphen-Chaam                                      ;Alphen+Chaam                                      ;Noord-Brabant                                     ;10;Alphen-Chaam;Noord-Brabant;https://www.alphen-chaam.nl
11;GM1959;Altena                                            ;Altena                                            ;Noord-Brabant                                     ;11;Altena;Noord-Brabant;https://www.gemeentealtena.nl
12;GM0060;Ameland                                           ;Ameland                                           ;Fryslân                                           ;12;Ameland;Fryslân;https://www.ameland.nl
13;GM0307;Amersfoort                                        ;Amersfoort                                        ;Utrecht                                           ;13;Amersfoort;Utrecht;https://www.amersfoort.nl
14;GM0362;Amstelveen                                        ;Amstelveen                                        ;Noord-Holland                                     ;14;Amstelveen;Noord-Holland;https://www.amstelveen.nl
15;GM0363;Amsterdam                                         ;Amsterdam                                         ;Noord-Holland                                     ;15;Amsterdam;Noord-Holland;https://www.amsterdam.nl
16;GM0200;Apeldoorn                                         ;Apeldoorn                                         ;Gelderland                                        ;16;Apeldoorn;Gelderland;https://www.apeldoorn.nl
17;GM0202;Arnhem                                            ;Arnhem                                            ;Gelderland                                        ;17;Arnhem;Gelderland;https://www.arnhem.nl
18;GM0106;Assen                                             ;Assen                                             ;Drenthe                                           ;18;Assen;Drenthe;https://www.assen.nl
19;GM0743;Asten                                             ;Asten                                             ;Noord-Brabant                                     ;19;Asten;Noord-Brabant;https://www.asten.nl
20;GM0744;Baarle-Nassau                                     ;Baarle+Nassau                                     ;Noord-Brabant                                     ;20;Baarle-Nassau;Noord-Brabant;https://www.baarle-nassau.nl
21;GM0308;Baarn                                             ;Baarn                                             ;Utrecht                                           ;21;Baarn;Utrecht;https://www.baarn.nl
22;GM0489;Barendrecht                                       ;Barendrecht                                       ;Zuid-Holland                                      ;22;Barendrecht;Zuid-Holland;https://www.barendrecht.nl
23;GM0203;Barneveld                                         ;Barneveld                                         ;Gelderland                                        ;23;Barneveld;Gelderland;https://www.barneveld.nl
24;GM0888;Beek (L.)                                         ;Beek (L.)                                         ;Limburg                                           ;24;Beek (L.);Limburg;https://www.beek.nl
25;GM1954;Beekdaelen                                        ;Beekdaelen                                        ;Limburg                                           ;25;Beekdaelen;Limburg;https://www.beekdaelen.nl
26;GM0889;Beesel                                            ;Beesel                                            ;Limburg                                           ;26;Beesel;Limburg;https://www.beesel.nl
27;GM1945;Berg en Dal                                       ;Berg en Dal                                       ;Gelderland                                        ;27;Berg en Dal;Gelderland;https://www.bergendal.nl
28;GM1724;Bergeijk                                          ;Bergeijk                                          ;Noord-Brabant                                     ;28;Bergeijk;Noord-Brabant;https://www.bergeijk.nl
29;GM0893;Bergen (L.)                                       ;Bergen (L.)                                       ;Limburg                                           ;29;Bergen (L.);Limburg;https://www.bergen.nl
30;GM0373;Bergen (NH.)                                      ;Bergen (NH.)                                      ;Noord-Holland                                     ;30;Bergen (NH.);Noord-Holland;https://www.bergen-nh.nl
31;GM0748;Bergen op Zoom                                    ;Bergen op Zoom                                    ;Noord-Brabant                                     ;31;Bergen op Zoom;Noord-Brabant;https://www.bergenopzoom.nl
32;GM1859;Berkelland                                        ;Berkelland                                        ;Gelderland                                        ;32;Berkelland;Gelderland;https://www.gemeenteberkelland.nl
33;GM1721;Bernheze                                          ;Bernheze                                          ;Noord-Brabant                                     ;33;Bernheze;Noord-Brabant;https://www.bernheze.org
34;GM0753;Best                                              ;Best                                              ;Noord-Brabant                                     ;34;Best;Noord-Brabant;https://www.gemeentebest.nl
35;GM0209;Beuningen                                         ;Beuningen                                         ;Gelderland                                        ;35;Beuningen;Gelderland;https://www.beuningen.nl
36;GM0375;Beverwijk                                         ;Beverwijk                                         ;Noord-Holland                                     ;36;Beverwijk;Noord-Holland;https://www.beverwijk.nl
37;GM0310;De Bilt                                           ;Bilt De                                           ;Utrecht                                           ;37;De Bilt;Utrecht;https://www.debilt.nl
38;GM1728;Bladel                                            ;Bladel                                            ;Noord-Brabant                                     ;38;Bladel;Noord-Brabant;https://www.bladel.nl
39;GM0376;Blaricum                                          ;Blaricum                                          ;Noord-Holland                                     ;39;Blaricum;Noord-Holland;https://www.blaricum.nl
40;GM0377;Bloemendaal                                       ;Bloemendaal                                       ;Noord-Holland                                     ;40;Bloemendaal;Noord-Holland;https://www.bloemendaal.nl
41;GM1901;Bodegraven-Reeuwijk                               ;Bodegraven+Reeuwijk                               ;Zuid-Holland                                      ;41;Bodegraven-Reeuwijk;Zuid-Holland;https://www.bodegraven-reeuwijk.nl
42;GM0755;Boekel                                            ;Boekel                                            ;Noord-Brabant                                     ;42;Boekel;Noord-Brabant;https://www.boekel.nl
43;GM1681;Borger-Odoorn                                     ;Borger+Odoorn                                     ;Drenthe                                           ;43;Borger-Odoorn;Drenthe;https://www.borger-odoorn.nl
44;GM0147;Borne                                             ;Borne                                             ;Overijssel                                        ;44;Borne;Overijssel;https://www.borne.nl
45;GM0654;Borsele                                           ;Borsele                                           ;Zeeland                                           ;45;Borsele;Zeeland;https://www.borsele.nl
46;GM0757;Boxtel                                            ;Boxtel                                            ;Noord-Brabant                                     ;46;Boxtel;Noord-Brabant;https://www.boxtel.nl
47;GM0758;Breda                                             ;Breda                                             ;Noord-Brabant                                     ;47;Breda;Noord-Brabant;https://www.breda.nl
48;GM1876;Bronckhorst                                       ;Bronckhorst                                       ;Gelderland                                        ;48;Bronckhorst;Gelderland;https://www.bronckhorst.nl
49;GM0213;Brummen                                           ;Brummen                                           ;Gelderland                                        ;49;Brummen;Gelderland;https://www.brummen.nl
50;GM0899;Brunssum                                          ;Brunssum                                          ;Limburg                                           ;50;Brunssum;Limburg;https://www.brunssum.nl
51;GM0312;Bunnik                                            ;Bunnik                                            ;Utrecht                                           ;51;Bunnik;Utrecht;https://www.bunnik.nl
52;GM0313;Bunschoten                                        ;Bunschoten                                        ;Utrecht                                           ;52;Bunschoten;Utrecht;https://www.bunschoten.nl
53;GM0214;Buren                                             ;Buren                                             ;Gelderland                                        ;53;Buren;Gelderland;https://www.buren.nl
54;GM0502;Capelle aan den IJssel                            ;Capelle aan den IJssel                            ;Zuid-Holland                                      ;54;Capelle aan den IJssel;Zuid-Holland;https://www.capelleaandenijssel.nl
55;GM0383;Castricum                                         ;Castricum                                         ;Noord-Holland                                     ;55;Castricum;Noord-Holland;https://www.castricum.nl
56;GM0109;Coevorden                                         ;Coevorden                                         ;Drenthe                                           ;56;Coevorden;Drenthe;https://www.coevorden.nl
57;GM1706;Cranendonck                                       ;Cranendonck                                       ;Noord-Brabant                                     ;57;Cranendonck;Noord-Brabant;https://www.cranendonck.nl
58;GM0216;Culemborg                                         ;Culemborg                                         ;Gelderland                                        ;58;Culemborg;Gelderland;https://www.culemborg.nl
59;GM0148;Dalfsen                                           ;Dalfsen                                           ;Overijssel                                        ;59;Dalfsen;Overijssel;https://www.dalfsen.nl
60;GM1891;Dantumadiel                                       ;Dantumadiel                                       ;Fryslân                                           ;60;Dantumadiel;Fryslân;https://www.dantumadiel.nl
61;GM0503;Delft                                             ;Delft                                             ;Zuid-Holland                                      ;61;Delft;Zuid-Holland;https://www.delft.nl
62;GM0762;Deurne                                            ;Deurne                                            ;Noord-Brabant                                     ;62;Deurne;Noord-Brabant;https://www.deurne.nl
63;GM0150;Deventer                                          ;Deventer                                          ;Overijssel                                        ;63;Deventer;Overijssel;https://www.deventer.nl
64;GM0384;Diemen                                            ;Diemen                                            ;Noord-Holland                                     ;64;Diemen;Noord-Holland;https://www.diemen.nl
65;GM1980;Dijk en Waard                                     ;Dijk+en+Waard                                     ;Noord-Holland                                     ;65;Dijk en Waard;Noord-Holland;https://www.dijkenwaard.nl
66;GM1774;Dinkelland                                        ;Dinkelland                                        ;Overijssel                                        ;66;Dinkelland;Overijssel;https://www.dinkelland.nl
67;GM0221;Doesburg                                          ;Doesburg                                          ;Gelderland                                        ;67;Doesburg;Gelderland;https://www.doesburg.nl
68;GM0222;Doetinchem                                        ;Doetinchem                                        ;Gelderland                                        ;68;Doetinchem;Gelderland;https://www.doetinchem.nl
69;GM0766;Dongen                                            ;Dongen                                            ;Noord-Brabant                                     ;69;Dongen;Noord-Brabant;https://www.dongen.nl
70;GM0505;Dordrecht                                         ;Dordrecht                                         ;Zuid-Holland                                      ;70;Dordrecht;Zuid-Holland;https://www.dordrecht.nl
71;GM0498;Drechterland                                      ;Drechterland                                      ;Noord-Holland                                     ;71;Drechterland;Noord-Holland;https://www.drechterland.nl
72;GM1719;Drimmelen                                         ;Drimmelen                                         ;Noord-Brabant                                     ;72;Drimmelen;Noord-Brabant;https://www.drimmelen.nl
73;GM0303;Dronten                                           ;Dronten                                           ;Flevoland                                         ;73;Dronten;Flevoland;https://www.dronten.nl
74;GM0225;Druten                                            ;Druten                                            ;Gelderland                                        ;74;Druten;Gelderland;https://www.druten.nl
75;GM0226;Duiven                                            ;Duiven                                            ;Gelderland                                        ;75;Duiven;Gelderland;https://www.duiven.nl
76;GM1711;Echt-Susteren                                     ;Echt+Susteren                                     ;Limburg                                           ;76;Echt-Susteren;Limburg;https://www.echt-susteren.nl
77;GM0385;Edam-Volendam                                     ;Edam+Volendam                                     ;Noord-Holland                                     ;77;Edam-Volendam;Noord-Holland;https://www.edam-volendam.nl
78;GM0228;Ede                                               ;Ede                                               ;Gelderland                                        ;78;Ede;Gelderland;https://www.ede.nl
79;GM0317;Eemnes                                            ;Eemnes                                            ;Utrecht                                           ;79;Eemnes;Utrecht;https://www.eemnes.nl
80;GM1979;Eemsdelta                                         ;Eemsdelta                                         ;Groningen                                         ;80;Eemsdelta;Groningen;https://www.eemsdelta.nl
81;GM0770;Eersel                                            ;Eersel                                            ;Noord-Brabant                                     ;81;Eersel;Noord-Brabant;https://www.eersel.nl
82;GM1903;Eijsden-Margraten                                 ;Eijsden+Margraten                                 ;Limburg                                           ;82;Eijsden-Margraten;Limburg;https://www.eijsden-margraten.nl
83;GM0772;Eindhoven                                         ;Eindhoven                                         ;Noord-Brabant                                     ;83;Eindhoven;Noord-Brabant;https://www.eindhoven.nl
84;GM0230;Elburg                                            ;Elburg                                            ;Gelderland                                        ;84;Elburg;Gelderland;https://www.elburg.nl
85;GM0114;Emmen                                             ;Emmen                                             ;Drenthe                                           ;85;Emmen;Drenthe;https://www.emmen.nl
86;GM0388;Enkhuizen                                         ;Enkhuizen                                         ;Noord-Holland                                     ;86;Enkhuizen;Noord-Holland;https://www.enkhuizen.nl
87;GM0153;Enschede                                          ;Enschede                                          ;Overijssel                                        ;87;Enschede;Overijssel;https://www.enschede.nl
88;GM0232;Epe                                               ;Epe                                               ;Gelderland                                        ;88;Epe;Gelderland;https://www.epe.nl
89;GM0233;Ermelo                                            ;Ermelo                                            ;Gelderland                                        ;89;Ermelo;Gelderland;https://www.ermelo.nl
90;GM0777;Etten-Leur                                        ;Etten+Leur                                        ;Noord-Brabant                                     ;90;Etten-Leur;Noord-Brabant;https://www.etten-leur.nl
91;GM1940;De Fryske Marren                                  ;Fryske Marren De                                  ;Fryslân                                           ;91;De Fryske Marren;Fryslân;https://www.defryskemarren.nl
92;GM0779;Geertruidenberg                                   ;Geertruidenberg                                   ;Noord-Brabant                                     ;92;Geertruidenberg;Noord-Brabant;https://www.geertruidenberg.nl
93;GM1771;Geldrop-Mierlo                                    ;Geldrop+Mierlo                                    ;Noord-Brabant                                     ;93;Geldrop-Mierlo;Noord-Brabant;https://www.geldrop-mierlo.nl
94;GM1652;Gemert-Bakel                                      ;Gemert+Bakel                                      ;Noord-Brabant                                     ;94;Gemert-Bakel;Noord-Brabant;https://www.gemert-bakel.nl
95;GM0907;Gennep                                            ;Gennep                                            ;Limburg                                           ;95;Gennep;Limburg;https://www.gennep.nl
96;GM0784;Gilze en Rijen                                    ;Gilze en Rijen                                    ;Noord-Brabant                                     ;96;Gilze en Rijen;Noord-Brabant;https://www.gilzerijen.nl
97;GM1924;Goeree-Overflakkee                                ;Goeree+Overflakkee                                ;Zuid-Holland                                      ;97;Goeree-Overflakkee;Zuid-Holland;https://www.goeree-overflakkee.nl
98;GM0664;Goes                                              ;Goes                                              ;Zeeland                                           ;98;Goes;Zeeland;https://www.goes.nl
99;GM0785;Goirle                                            ;Goirle                                            ;Noord-Brabant                                     ;99;Goirle;Noord-Brabant;https://www.goirle.nl
100;GM1942;Gooise Meren                                      ;Gooise Meren                                      ;Noord-Holland                                     ;100;Gooise Meren;Noord-Holland;https://www.gooisemeren.nl
101;GM0512;Gorinchem                                         ;Gorinchem                                         ;Zuid-Holland                                      ;101;Gorinchem;Zuid-Holland;https://www.gorinchem.nl
102;GM0513;Gouda                                             ;Gouda                                             ;Zuid-Holland                                      ;102;Gouda;Zuid-Holland;https://www.gouda.nl
103;GM0518;'s-Gravenhage                                     ;Gravenhage 's-                                    ;Zuid-Holland                                      ;103;'s-Gravenhage;Zuid-Holland;https://www.denhaag.nl
104;GM0014;Groningen                                         ;Groningen                                         ;Groningen                                         ;104;Groningen;Groningen;https://gemeente.groningen.nl
105;GM1729;Gulpen-Wittem                                     ;Gulpen+Wittem                                     ;Limburg                                           ;105;Gulpen-Wittem;Limburg;https://www.gulpen-wittem.nl
106;GM0158;Haaksbergen                                       ;Haaksbergen                                       ;Overijssel                                        ;106;Haaksbergen;Overijssel;https://www.haaksbergen.nl
107;GM0392;Haarlem                                           ;Haarlem                                           ;Noord-Holland                                     ;107;Haarlem;Noord-Holland;https://www.haarlem.nl
108;GM0394;Haarlemmermeer                                    ;Haarlemmermeer                                    ;Noord-Holland                                     ;108;Haarlemmermeer;Noord-Holland;https://www.haarlemmermeer.nl
109;GM1655;Halderberge                                       ;Halderberge                                       ;Noord-Brabant                                     ;109;Halderberge;Noord-Brabant;https://www.halderberge.nl
110;GM0160;Hardenberg                                        ;Hardenberg                                        ;Overijssel                                        ;110;Hardenberg;Overijssel;https://www.hardenberg.nl
111;GM0243;Harderwijk                                        ;Harderwijk                                        ;Gelderland                                        ;111;Harderwijk;Gelderland;https://www.harderwijk.nl
112;GM0523;Hardinxveld-Giessendam                            ;Hardinxveld+Giessendam                            ;Zuid-Holland                                      ;112;Hardinxveld-Giessendam;Zuid-Holland;https://www.hardinxveld-giessendam.nl
113;GM0072;Harlingen                                         ;Harlingen                                         ;Fryslân                                           ;113;Harlingen;Fryslân;https://www.harlingen.nl
114;GM0244;Hattem                                            ;Hattem                                            ;Gelderland                                        ;114;Hattem;Gelderland;https://www.hattem.nl
115;GM0396;Heemskerk                                         ;Heemskerk                                         ;Noord-Holland                                     ;115;Heemskerk;Noord-Holland;https://www.heemskerk.nl
116;GM0397;Heemstede                                         ;Heemstede                                         ;Noord-Holland                                     ;116;Heemstede;Noord-Holland;https://www.heemstede.nl
117;GM0246;Heerde                                            ;Heerde                                            ;Gelderland                                        ;117;Heerde;Gelderland;https://www.heerde.nl
118;GM0074;Heerenveen                                        ;Heerenveen                                        ;Fryslân                                           ;118;Heerenveen;Fryslân;https://www.heerenveen.nl
119;GM0917;Heerlen                                           ;Heerlen                                           ;Limburg                                           ;119;Heerlen;Limburg;https://www.heerlen.nl
120;GM1658;Heeze-Leende                                      ;Heeze+Leende                                      ;Noord-Brabant                                     ;120;Heeze-Leende;Noord-Brabant;https://www.heeze-leende.nl
121;GM0399;Heiloo                                            ;Heiloo                                            ;Noord-Holland                                     ;121;Heiloo;Noord-Holland;https://www.heiloo.nl
122;GM0400;Den Helder                                        ;Helder Den                                        ;Noord-Holland                                     ;122;Den Helder;Noord-Holland;https://www.denhelder.nl
123;GM0163;Hellendoorn                                       ;Hellendoorn                                       ;Overijssel                                        ;123;Hellendoorn;Overijssel;https://www.hellendoorn.nl
124;GM0794;Helmond                                           ;Helmond                                           ;Noord-Brabant                                     ;124;Helmond;Noord-Brabant;https://www.helmond.nl
125;GM0531;Hendrik-Ido-Ambacht                               ;Hendrik+Ido+Ambacht                               ;Zuid-Holland                                      ;125;Hendrik-Ido-Ambacht;Zuid-Holland;https://www.h-i-ambacht.nl
126;GM0164;Hengelo (O.)                                      ;Hengelo (O.)                                      ;Overijssel                                        ;126;Hengelo (O.);Overijssel;https://www.hengelo.nl
127;GM0796;'s-Hertogenbosch                                  ;Hertogenbosch 's-                                 ;Noord-Brabant                                     ;127;'s-Hertogenbosch;Noord-Brabant;https://www.s-hertogenbosch.nl
128;GM0252;Heumen                                            ;Heumen                                            ;Gelderland                                        ;128;Heumen;Gelderland;https://www.heumen.nl
129;GM0797;Heusden                                           ;Heusden                                           ;Noord-Brabant                                     ;129;Heusden;Noord-Brabant;https://www.heusden.nl
130;GM0534;Hillegom                                          ;Hillegom                                          ;Zuid-Holland                                      ;130;Hillegom;Zuid-Holland;https://www.hillegom.nl
131;GM0798;Hilvarenbeek                                      ;Hilvarenbeek                                      ;Noord-Brabant                                     ;131;Hilvarenbeek;Noord-Brabant;https://www.hilvarenbeek.nl
132;GM0402;Hilversum                                         ;Hilversum                                         ;Noord-Holland                                     ;132;Hilversum;Noord-Holland;https://www.hilversum.nl
133;GM1963;Hoeksche Waard                                    ;Hoeksche+Waard                                    ;Zuid-Holland                                      ;133;Hoeksche Waard;Zuid-Holland;https://www.gemeentehw.nl
134;GM1735;Hof van Twente                                    ;Hof van Twente                                    ;Overijssel                                        ;134;Hof van Twente;Overijssel;https://www.hofvantwente.nl
135;GM1966;Het Hogeland                                      ;Hogeland+Het                                      ;Groningen                                         ;135;Het Hogeland;Groningen;https://www.hethogeland.nl
136;GM1911;Hollands Kroon                                    ;Hollands Kroon                                    ;Noord-Holland                                     ;136;Hollands Kroon;Noord-Holland;https://www.hollandskroon.nl
137;GM0118;Hoogeveen                                         ;Hoogeveen                                         ;Drenthe                                           ;137;Hoogeveen;Drenthe;https://www.hoogeveen.nl
138;GM0405;Hoorn                                             ;Hoorn                                             ;Noord-Holland                                     ;138;Hoorn;Noord-Holland;https://www.hoorn.nl
139;GM1507;Horst aan de Maas                                 ;Horst aan de Maas                                 ;Limburg                                           ;139;Horst aan de Maas;Limburg;https://www.horstaandemaas.nl
140;GM0321;Houten                                            ;Houten                                            ;Utrecht                                           ;140;Houten;Utrecht;https://www.houten.nl
141;GM0406;Huizen                                            ;Huizen                                            ;Noord-Holland                                     ;141;Huizen;Noord-Holland;https://www.huizen.nl
142;GM0677;Hulst                                             ;Hulst                                             ;Zeeland                                           ;142;Hulst;Zeeland;https://www.gemeentehulst.nl
143;GM0353;IJsselstein                                       ;IJsselstein                                       ;Utrecht                                           ;143;IJsselstein;Utrecht;https://www.ijsselstein.nl
144;GM1884;Kaag en Braassem                                  ;Kaag                                              ;Zuid-Holland                                      ;144;Kaag en Braassem;Zuid-Holland;https://www.kaagenbraassem.nl
145;GM0166;Kampen                                            ;Kampen                                            ;Overijssel                                        ;145;Kampen;Overijssel;https://www.kampen.nl
146;GM0678;Kapelle                                           ;Kapelle                                           ;Zeeland                                           ;146;Kapelle;Zeeland;https://www.kapelle.nl
147;GM0537;Katwijk                                           ;Katwijk                                           ;Zuid-Holland                                      ;147;Katwijk;Zuid-Holland;https://www.katwijk.nl
148;GM0928;Kerkrade                                          ;Kerkrade                                          ;Limburg                                           ;148;Kerkrade;Limburg;https://www.kerkrade.nl
149;GM1598;Koggenland                                        ;Koggenland                                        ;Noord-Holland                                     ;149;Koggenland;Noord-Holland;https://www.koggenland.nl
150;GM0542;Krimpen aan den IJssel                            ;Krimpen aan den IJssel                            ;Zuid-Holland                                      ;150;Krimpen aan den IJssel;Zuid-Holland;https://www.krimpenaandenijssel.nl
151;GM1931;Krimpenerwaard                                    ;Krimpenerwaard                                    ;Zuid-Holland                                      ;151;Krimpenerwaard;Zuid-Holland;https://www.krimpenerwaard.nl
152;GM1659;Laarbeek                                          ;Laarbeek                                          ;Noord-Brabant                                     ;152;Laarbeek;Noord-Brabant;https://www.laarbeek.nl
153;GM1982;Land van Cuijk                                    ;Land+van+Cuijk                                    ;Noord-Brabant                                     ;153;Land van Cuijk;Noord-Brabant;https://www.landvancuijk.nl
154;GM0882;Landgraaf                                         ;Landgraaf                                         ;Limburg                                           ;154;Landgraaf;Limburg;https://www.landgraaf.nl
155;GM0415;Landsmeer                                         ;Landsmeer                                         ;Noord-Holland                                     ;155;Landsmeer;Noord-Holland;https://www.landsmeer.nl
156;GM1621;Lansingerland                                     ;Lansingerland                                     ;Zuid-Holland                                      ;156;Lansingerland;Zuid-Holland;https://www.lansingerland.nl
157;GM0417;Laren (NH.)                                       ;Laren (NH.)                                       ;Noord-Holland                                     ;157;Laren (NH.);Noord-Holland;https://www.laren.nl
158;GM0080;Leeuwarden                                        ;Leeuwarden                                        ;Fryslân                                           ;158;Leeuwarden;Fryslân;https://www.leeuwarden.nl
159;GM0546;Leiden                                            ;Leiden                                            ;Zuid-Holland                                      ;159;Leiden;Zuid-Holland;https://www.leiden.nl
160;GM0547;Leiderdorp                                        ;Leiderdorp                                        ;Zuid-Holland                                      ;160;Leiderdorp;Zuid-Holland;https://www.leiderdorp.nl
161;GM1916;Leidschendam-Voorburg                             ;Leidschendam+Voorburg                             ;Zuid-Holland                                      ;161;Leidschendam-Voorburg;Zuid-Holland;https://www.lv.nl
162;GM0995;Lelystad                                          ;Lelystad                                          ;Flevoland                                         ;162;Lelystad;Flevoland;https://www.lelystad.nl
163;GM1640;Leudal                                            ;Leudal                                            ;Limburg                                           ;163;Leudal;Limburg;https://www.leudal.nl
164;GM0327;Leusden                                           ;Leusden                                           ;Utrecht                                           ;164;Leusden;Utrecht;https://www.leusden.nl
165;GM1705;Lingewaard                                        ;Lingewaard                                        ;Gelderland                                        ;165;Lingewaard;Gelderland;https://www.lingewaard.nl
166;GM0553;Lisse                                             ;Lisse                                             ;Zuid-Holland                                      ;166;Lisse;Zuid-Holland;https://www.lisse.nl
167;GM0262;Lochem                                            ;Lochem                                            ;Gelderland                                        ;167;Lochem;Gelderland;https://www.lochem.nl
168;GM0809;Loon op Zand                                      ;Loon op Zand                                      ;Noord-Brabant                                     ;168;Loon op Zand;Noord-Brabant;https://www.loonopzand.nl
169;GM0331;Lopik                                             ;Lopik                                             ;Utrecht                                           ;169;Lopik;Utrecht;https://www.lopik.nl
170;GM0168;Losser                                            ;Losser                                            ;Overijssel                                        ;170;Losser;Overijssel;https://www.losser.nl
171;GM0263;Maasdriel                                         ;Maasdriel                                         ;Gelderland                                        ;171;Maasdriel;Gelderland;https://www.maasdriel.nl
172;GM1641;Maasgouw                                          ;Maasgouw                                          ;Limburg                                           ;172;Maasgouw;Limburg;https://www.gemeentemaasgouw.nl
173;GM1991;Maashorst                                         ;Maashorst                                         ;Noord-Brabant                                     ;173;Maashorst;Noord-Brabant;https://www.gemeentemaashorst.nl
174;GM0556;Maassluis                                         ;Maassluis                                         ;Zuid-Holland                                      ;174;Maassluis;Zuid-Holland;https://www.maassluis.nl
175;GM0935;Maastricht                                        ;Maastricht                                        ;Limburg                                           ;175;Maastricht;Limburg;https://www.gemeentemaastricht.nl
176;GM0420;Medemblik                                         ;Medemblik                                         ;Noord-Holland                                     ;176;Medemblik;Noord-Holland;https://www.medemblik.nl
177;GM0938;Meerssen                                          ;Meerssen                                          ;Limburg                                           ;177;Meerssen;Limburg;https://www.meerssen.nl
178;GM1948;Meierijstad                                       ;Meierijstad                                       ;Noord-Brabant                                     ;178;Meierijstad;Noord-Brabant;https://www.meierijstad.nl
179;GM0119;Meppel                                            ;Meppel                                            ;Drenthe                                           ;179;Meppel;Drenthe;https://www.meppel.nl
180;GM0687;Middelburg (Z.)                                   ;Middelburg (Z.)                                   ;Zeeland                                           ;180;Middelburg (Z.);Zeeland;https://www.middelburg.nl
181;GM1842;Midden-Delfland                                   ;Midden+Delfland                                   ;Zuid-Holland                                      ;181;Midden-Delfland;Zuid-Holland;https://www.middendelfland.nl
182;GM1731;Midden-Drenthe                                    ;Midden+Drenthe                                    ;Drenthe                                           ;182;Midden-Drenthe;Drenthe;https://www.middendrenthe.nl
183;GM1952;Midden-Groningen                                  ;Midden+Groningen                                  ;Groningen                                         ;183;Midden-Groningen;Groningen;https://www.midden-groningen.nl
184;GM1709;Moerdijk                                          ;Moerdijk                                          ;Noord-Brabant                                     ;184;Moerdijk;Noord-Brabant;https://www.moerdijk.nl
185;GM1978;Molenlanden                                       ;Molenlanden                                       ;Zuid-Holland                                      ;185;Molenlanden;Zuid-Holland;https://www.molenlanden.nl
186;GM1955;Montferland                                       ;Montferland                                       ;Gelderland                                        ;186;Montferland;Gelderland;https://www.montferland.info
187;GM0335;Montfoort                                         ;Montfoort                                         ;Utrecht                                           ;187;Montfoort;Utrecht;https://www.montfoort.nl
188;GM0944;Mook en Middelaar                                 ;Mook en Middelaar                                 ;Limburg                                           ;188;Mook en Middelaar;Limburg;https://www.mookenmiddelaar.nl
189;GM1740;Neder-Betuwe                                      ;Neder+Betuwe                                      ;Gelderland                                        ;189;Neder-Betuwe;Gelderland;https://www.nederbetuwe.nl
190;GM0946;Nederweert                                        ;Nederweert                                        ;Limburg                                           ;190;Nederweert;Limburg;https://www.nederweert.nl
191;GM0356;Nieuwegein                                        ;Nieuwegein                                        ;Utrecht                                           ;191;Nieuwegein;Utrecht;https://www.nieuwegein.nl
192;GM0569;Nieuwkoop                                         ;Nieuwkoop                                         ;Zuid-Holland                                      ;192;Nieuwkoop;Zuid-Holland;https://www.nieuwkoop.nl
193;GM0267;Nijkerk                                           ;Nijkerk                                           ;Gelderland                                        ;193;Nijkerk;Gelderland;https://www.nijkerk.eu
194;GM0268;Nijmegen                                          ;Nijmegen                                          ;Gelderland                                        ;194;Nijmegen;Gelderland;https://www.nijmegen.nl
195;GM1930;Nissewaard                                        ;Nissewaard                                        ;Zuid-Holland                                      ;195;Nissewaard;Zuid-Holland;https://www.nissewaard.nl
196;GM1970;Noardeast-Fryslân                                 ;Noardeast+Fryslân                                 ;Fryslân                                           ;196;Noardeast-Fryslân;Fryslân;https://www.noardeast-fryslan.nl
197;GM1695;Noord-Beveland                                    ;Noord+Beveland                                    ;Zeeland                                           ;197;Noord-Beveland;Zeeland;https://www.noord-beveland.nl
198;GM1699;Noordenveld                                       ;Noordenveld                                       ;Drenthe                                           ;198;Noordenveld;Drenthe;https://www.noordenveld.nl
199;GM0171;Noordoostpolder                                   ;Noordoostpolder                                   ;Flevoland                                         ;199;Noordoostpolder;Flevoland;https://www.noordoostpolder.nl
200;GM0575;Noordwijk                                         ;Noordwijk                                         ;Zuid-Holland                                      ;200;Noordwijk;Zuid-Holland;https://www.noordwijk.nl
201;GM0820;Nuenen, Gerwen en Nederwetten                     ;Nuenen, Gerwen en Nederwetten                     ;Noord-Brabant                                     ;201;Nuenen, Gerwen en Nederwetten;Noord-Brabant;https://www.nuenen.nl
202;GM0302;Nunspeet                                          ;Nunspeet                                          ;Gelderland                                        ;202;Nunspeet;Gelderland;https://www.nunspeet.nl
203;GM0579;Oegstgeest                                        ;Oegstgeest                                        ;Zuid-Holland                                      ;203;Oegstgeest;Zuid-Holland;https://www.oegstgeest.nl
204;GM0823;Oirschot                                          ;Oirschot                                          ;Noord-Brabant                                     ;204;Oirschot;Noord-Brabant;https://www.oirschot.nl
205;GM0824;Oisterwijk                                        ;Oisterwijk                                        ;Noord-Brabant                                     ;205;Oisterwijk;Noord-Brabant;https://www.oisterwijk.nl
206;GM1895;Oldambt                                           ;Oldambt                                           ;Groningen                                         ;206;Oldambt;Groningen;https://www.gemeente-oldambt.nl
207;GM0269;Oldebroek                                         ;Oldebroek                                         ;Gelderland                                        ;207;Oldebroek;Gelderland;https://www.oldebroek.nl
208;GM0173;Oldenzaal                                         ;Oldenzaal                                         ;Overijssel                                        ;208;Oldenzaal;Overijssel;https://www.oldenzaal.nl
209;GM1773;Olst-Wijhe                                        ;Olst+Wijhe                                        ;Overijssel                                        ;209;Olst-Wijhe;Overijssel;https://www.olst-wijhe.nl
210;GM0175;Ommen                                             ;Ommen                                             ;Overijssel                                        ;210;Ommen;Overijssel;https://www.ommen.nl
211;GM1586;Oost Gelre                                        ;Oost Gelre                                        ;Gelderland                                        ;211;Oost Gelre;Gelderland;https://www.oostgelre.nl
212;GM0826;Oosterhout                                        ;Oosterhout                                        ;Noord-Brabant                                     ;212;Oosterhout;Noord-Brabant;https://www.oosterhout.nl
213;GM0085;Ooststellingwerf                                  ;Ooststellingwerf                                  ;Fryslân                                           ;213;Ooststellingwerf;Fryslân;https://www.ooststellingwerf.nl
214;GM0431;Oostzaan                                          ;Oostzaan                                          ;Noord-Holland                                     ;214;Oostzaan;Noord-Holland;https://www.oostzaan.nl
215;GM0432;Opmeer                                            ;Opmeer                                            ;Noord-Holland                                     ;215;Opmeer;Noord-Holland;https://www.opmeer.nl
216;GM0086;Opsterland                                        ;Opsterland                                        ;Fryslân                                           ;216;Opsterland;Fryslân;https://www.opsterland.nl
217;GM0828;Oss                                               ;Oss                                               ;Noord-Brabant                                     ;217;Oss;Noord-Brabant;https://www.oss.nl
218;GM1509;Oude IJsselstreek                                 ;Oude IJsselstreek                                 ;Gelderland                                        ;218;Oude IJsselstreek;Gelderland;https://www.oude-ijsselstreek.nl
219;GM0437;Ouder-Amstel                                      ;Ouder+Amstel                                      ;Noord-Holland                                     ;219;Ouder-Amstel;Noord-Holland;https://www.ouder-amstel.nl
220;GM0589;Oudewater                                         ;Oudewater                                         ;Utrecht                                           ;220;Oudewater;Utrecht;https://www.oudewater.nl
221;GM1734;Overbetuwe                                        ;Overbetuwe                                        ;Gelderland                                        ;221;Overbetuwe;Gelderland;https://www.overbetuwe.nl
222;GM0590;Papendrecht                                       ;Papendrecht                                       ;Zuid-Holland                                      ;222;Papendrecht;Zuid-Holland;https://www.papendrecht.nl
223;GM1894;Peel en Maas                                      ;Peel en Maas                                      ;Limburg                                           ;223;Peel en Maas;Limburg;https://www.peelenmaas.nl
224;GM0765;Pekela                                            ;Pekela                                            ;Groningen                                         ;224;Pekela;Groningen;https://www.pekela.nl
225;GM1926;Pijnacker-Nootdorp                                ;Pijnacker+Nootdorp                                ;Zuid-Holland                                      ;225;Pijnacker-Nootdorp;Zuid-Holland;https://www.pijnacker-nootdorp.nl
226;GM0439;Purmerend                                         ;Purmerend                                         ;Noord-Holland                                     ;226;Purmerend;Noord-Holland;https://www.purmerend.nl
227;GM0273;Putten                                            ;Putten                                            ;Gelderland                                        ;227;Putten;Gelderland;https://www.putten.nl
228;GM0177;Raalte                                            ;Raalte                                            ;Overijssel                                        ;228;Raalte;Overijssel;https://www.raalte.nl
229;GM0703;Reimerswaal                                       ;Reimerswaal                                       ;Zeeland                                           ;229;Reimerswaal;Zeeland;https://www.reimerswaal.nl
230;GM0274;Renkum                                            ;Renkum                                            ;Gelderland                                        ;230;Renkum;Gelderland;https://www.renkum.nl
231;GM0339;Renswoude                                         ;Renswoude                                         ;Utrecht                                           ;231;Renswoude;Utrecht;https://www.renswoude.nl
232;GM1667;Reusel-De Mierden                                 ;Reusel+De Mierden                                 ;Noord-Brabant                                     ;232;Reusel-De Mierden;Noord-Brabant;https://www.reusel-demierden.nl
233;GM0275;Rheden                                            ;Rheden                                            ;Gelderland                                        ;233;Rheden;Gelderland;https://www.rheden.nl
234;GM0340;Rhenen                                            ;Rhenen                                            ;Utrecht                                           ;234;Rhenen;Utrecht;https://www.rhenen.nl
235;GM0597;Ridderkerk                                        ;Ridderkerk                                        ;Zuid-Holland                                      ;235;Ridderkerk;Zuid-Holland;https://www.ridderkerk.nl
236;GM1742;Rijssen-Holten                                    ;Rijssen+Holten                                    ;Overijssel                                        ;236;Rijssen-Holten;Overijssel;https://www.rijssen-holten.nl
237;GM0603;Rijswijk (ZH.)                                    ;Rijswijk (ZH.)                                    ;Zuid-Holland                                      ;237;Rijswijk (ZH.);Zuid-Holland;https://www.rijswijk.nl
238;GM1669;Roerdalen                                         ;Roerdalen                                         ;Limburg                                           ;238;Roerdalen;Limburg;https://www.roerdalen.nl
239;GM0957;Roermond                                          ;Roermond                                          ;Limburg                                           ;239;Roermond;Limburg;https://www.roermond.nl
240;GM0736;De Ronde Venen                                    ;Ronde Venen De                                    ;Utrecht                                           ;240;De Ronde Venen;Utrecht;https://www.derondevenen.nl
241;GM1674;Roosendaal                                        ;Roosendaal                                        ;Noord-Brabant                                     ;241;Roosendaal;Noord-Brabant;https://www.roosendaal.nl
242;GM0599;Rotterdam                                         ;Rotterdam                                         ;Zuid-Holland                                      ;242;Rotterdam;Zuid-Holland;https://www.rotterdam.nl
243;GM0277;Rozendaal                                         ;Rozendaal                                         ;Gelderland                                        ;243;Rozendaal;Gelderland;https://www.rozendaal.nl
244;GM0840;Rucphen                                           ;Rucphen                                           ;Noord-Brabant                                     ;244;Rucphen;Noord-Brabant;https://www.rucphen.nl
245;GM0441;Schagen                                           ;Schagen                                           ;Noord-Holland                                     ;245;Schagen;Noord-Holland;https://www.schagen.nl
246;GM0279;Scherpenzeel                                      ;Scherpenzeel                                      ;Gelderland                                        ;246;Scherpenzeel;Gelderland;https://www.scherpenzeel.nl
247;GM0606;Schiedam                                          ;Schiedam                                          ;Zuid-Holland                                      ;247;Schiedam;Zuid-Holland;https://www.schiedam.nl
248;GM0088;Schiermonnikoog                                   ;Schiermonnikoog                                   ;Fryslân                                           ;248;Schiermonnikoog;Fryslân;https://www.schiermonnikoog.nl
249;GM1676;Schouwen-Duiveland                                ;Schouwen+Duiveland                                ;Zeeland                                           ;249;Schouwen-Duiveland;Zeeland;https://www.schouwen-duiveland.nl
250;GM0965;Simpelveld                                        ;Simpelveld                                        ;Limburg                                           ;250;Simpelveld;Limburg;https://www.simpelveld.nl
251;GM0845;Sint-Michielsgestel                               ;Sint+Michielsgestel                               ;Noord-Brabant                                     ;251;Sint-Michielsgestel;Noord-Brabant;https://www.sint-michielsgestel.nl
252;GM1883;Sittard-Geleen                                    ;Sittard+Geleen                                    ;Limburg                                           ;252;Sittard-Geleen;Limburg;https://www.sittard-geleen.nl
253;GM0610;Sliedrecht                                        ;Sliedrecht                                        ;Zuid-Holland                                      ;253;Sliedrecht;Zuid-Holland;https://www.sliedrecht.nl
254;GM1714;Sluis                                             ;Sluis                                             ;Zeeland                                           ;254;Sluis;Zeeland;https://www.gemeentesluis.nl
255;GM0090;Smallingerland                                    ;Smallingerland                                    ;Fryslân                                           ;255;Smallingerland;Fryslân;https://www.smallingerland.nl
256;GM0342;Soest                                             ;Soest                                             ;Utrecht                                           ;256;Soest;Utrecht;https://www.soest.nl
257;GM0847;Someren                                           ;Someren                                           ;Noord-Brabant                                     ;257;Someren;Noord-Brabant;https://www.someren.nl
258;GM0848;Son en Breugel                                    ;Son en Breugel                                    ;Noord-Brabant                                     ;258;Son en Breugel;Noord-Brabant;https://www.sonenbreugel.nl
259;GM0037;Stadskanaal                                       ;Stadskanaal                                       ;Groningen                                         ;259;Stadskanaal;Groningen;https://www.stadskanaal.nl
260;GM0180;Staphorst                                         ;Staphorst                                         ;Overijssel                                        ;260;Staphorst;Overijssel;https://www.staphorst.nl
261;GM0532;Stede Broec                                       ;Stede Broec                                       ;Noord-Holland                                     ;261;Stede Broec;Noord-Holland;https://www.stedebroec.nl
262;GM0851;Steenbergen                                       ;Steenbergen                                       ;Noord-Brabant                                     ;262;Steenbergen;Noord-Brabant;https://www.gemeente-steenbergen.nl
263;GM1708;Steenwijkerland                                   ;Steenwijkerland                                   ;Overijssel                                        ;263;Steenwijkerland;Overijssel;https://www.steenwijkerland.nl
264;GM0971;Stein (L.)                                        ;Stein (L.)                                        ;Limburg                                           ;264;Stein (L.);Limburg;https://www.gemeentestein.nl
265;GM1904;Stichtse Vecht                                    ;Stichtse Vecht                                    ;Utrecht                                           ;265;Stichtse Vecht;Utrecht;https://www.stichtsevecht.nl
266;GM1900;Súdwest-Fryslân                                   ;Sudwest+Fryslan                                   ;Fryslân                                           ;266;Súdwest-Fryslân;Fryslân;https://www.sudwestfryslan.nl
267;GM0715;Terneuzen                                         ;Terneuzen                                         ;Zeeland                                           ;267;Terneuzen;Zeeland;https://www.terneuzen.nl
268;GM0093;Terschelling                                      ;Terschelling                                      ;Fryslân                                           ;268;Terschelling;Fryslân;https://www.terschelling.nl
269;GM0448;Texel                                             ;Texel                                             ;Noord-Holland                                     ;269;Texel;Noord-Holland;https://www.texel.nl
270;GM1525;Teylingen                                         ;Teylingen                                         ;Zuid-Holland                                      ;270;Teylingen;Zuid-Holland;https://www.teylingen.nl
271;GM0716;Tholen                                            ;Tholen                                            ;Zeeland                                           ;271;Tholen;Zeeland;https://www.tholen.nl
272;GM0281;Tiel                                              ;Tiel                                              ;Gelderland                                        ;272;Tiel;Gelderland;https://www.tiel.nl
273;GM0855;Tilburg                                           ;Tilburg                                           ;Noord-Brabant                                     ;273;Tilburg;Noord-Brabant;https://www.tilburg.nl
274;GM0183;Tubbergen                                         ;Tubbergen                                         ;Overijssel                                        ;274;Tubbergen;Overijssel;https://www.tubbergen.nl
275;GM1700;Twenterand                                        ;Twenterand                                        ;Overijssel                                        ;275;Twenterand;Overijssel;https://www.twenterand.nl
276;GM1730;Tynaarlo                                          ;Tynaarlo                                          ;Drenthe                                           ;276;Tynaarlo;Drenthe;https://www.tynaarlo.nl
277;GM0737;Tytsjerksteradiel                                 ;Tytsjerksteradiel                                 ;Fryslân                                           ;277;Tytsjerksteradiel;Fryslân;https://www.t-diel.nl
278;GM0450;Uitgeest                                          ;Uitgeest                                          ;Noord-Holland                                     ;278;Uitgeest;Noord-Holland;https://www.uitgeest.nl
279;GM0451;Uithoorn                                          ;Uithoorn                                          ;Noord-Holland                                     ;279;Uithoorn;Noord-Holland;https://www.uithoorn.nl
280;GM0184;Urk                                               ;Urk                                               ;Flevoland                                         ;280;Urk;Flevoland;https://www.urk.nl
281;GM0344;Utrecht                                           ;Utrecht                                           ;Utrecht                                           ;281;Utrecht;Utrecht;https://www.utrecht.nl
282;GM1581;Utrechtse Heuvelrug                               ;Utrechtse Heuvelrug                               ;Utrecht                                           ;282;Utrechtse Heuvelrug;Utrecht;https://www.heuvelrug.nl
283;GM0981;Vaals                                             ;Vaals                                             ;Limburg                                           ;283;Vaals;Limburg;https://www.vaals.nl
284;GM0994;Valkenburg aan de Geul                            ;Valkenburg aan de Geul                            ;Limburg                                           ;284;Valkenburg aan de Geul;Limburg;https://www.valkenburg.nl
285;GM0858;Valkenswaard                                      ;Valkenswaard                                      ;Noord-Brabant                                     ;285;Valkenswaard;Noord-Brabant;https://www.valkenswaard.nl
286;GM0047;Veendam                                           ;Veendam                                           ;Groningen                                         ;286;Veendam;Groningen;https://www.veendam.nl
287;GM0345;Veenendaal                                        ;Veenendaal                                        ;Utrecht                                           ;287;Veenendaal;Utrecht;https://www.veenendaal.nl
288;GM0717;Veere                                             ;Veere                                             ;Zeeland                                           ;288;Veere;Zeeland;https://www.veere.nl
289;GM0861;Veldhoven                                         ;Veldhoven                                         ;Noord-Brabant                                     ;289;Veldhoven;Noord-Brabant;https://www.veldhoven.nl
290;GM0453;Velsen                                            ;Velsen                                            ;Noord-Holland                                     ;290;Velsen;Noord-Holland;https://www.velsen.nl
291;GM0983;Venlo                                             ;Venlo                                             ;Limburg                                           ;291;Venlo;Limburg;https://www.venlo.nl
292;GM0984;Venray                                            ;Venray                                            ;Limburg                                           ;292;Venray;Limburg;https://www.venray.nl
293;GM1961;Vijfheerenlanden                                  ;Vijfheerenlanden                                  ;Utrecht                                           ;293;Vijfheerenlanden;Utrecht;https://www.vijfheerenlanden.nl
294;GM0622;Vlaardingen                                       ;Vlaardingen                                       ;Zuid-Holland                                      ;294;Vlaardingen;Zuid-Holland;https://www.vlaardingen.nl
295;GM0096;Vlieland                                          ;Vlieland                                          ;Fryslân                                           ;295;Vlieland;Fryslân;https://www.vlieland.nl
296;GM0718;Vlissingen                                        ;Vlissingen                                        ;Zeeland                                           ;296;Vlissingen;Zeeland;https://www.vlissingen.nl
297;GM0986;Voerendaal                                        ;Voerendaal                                        ;Limburg                                           ;297;Voerendaal;Limburg;https://www.voerendaal.nl
298;GM1992;Voorne aan Zee                                    ;Voorne aan Zee                                    ;Zuid-Holland                                      ;298;Voorne aan Zee;Zuid-Holland;https://www.voorneaanzee.nl
299;GM0626;Voorschoten                                       ;Voorschoten                                       ;Zuid-Holland                                      ;299;Voorschoten;Zuid-Holland;https://www.voorschoten.nl
300;GM0285;Voorst                                            ;Voorst                                            ;Gelderland                                        ;300;Voorst;Gelderland;https://www.voorst.nl
301;GM0865;Vught                                             ;Vught                                             ;Noord-Brabant                                     ;301;Vught;Noord-Brabant;https://www.vught.nl
302;GM1949;Waadhoeke                                         ;Waadhoeke                                         ;Fryslân                                           ;302;Waadhoeke;Fryslân;https://www.waadhoeke.nl
303;GM0866;Waalre                                            ;Waalre                                            ;Noord-Brabant                                     ;303;Waalre;Noord-Brabant;https://www.waalre.nl
304;GM0867;Waalwijk                                          ;Waalwijk                                          ;Noord-Brabant                                     ;304;Waalwijk;Noord-Brabant;https://www.waalwijk.nl
305;GM0627;Waddinxveen                                       ;Waddinxveen                                       ;Zuid-Holland                                      ;305;Waddinxveen;Zuid-Holland;https://www.waddinxveen.nl
306;GM0289;Wageningen                                        ;Wageningen                                        ;Gelderland                                        ;306;Wageningen;Gelderland;https://www.wageningen.nl
307;GM0629;Wassenaar                                         ;Wassenaar                                         ;Zuid-Holland                                      ;307;Wassenaar;Zuid-Holland;https://www.wassenaar.nl
308;GM0852;Waterland                                         ;Waterland                                         ;Noord-Holland                                     ;308;Waterland;Noord-Holland;https://www.waterland.nl
309;GM0988;Weert                                             ;Weert                                             ;Limburg                                           ;309;Weert;Limburg;https://www.weert.nl
310;GM1960;West Betuwe                                       ;West Betuwe                                       ;Gelderland                                        ;310;West Betuwe;Gelderland;https://www.westbetuwe.nl
311;GM0668;West Maas en Waal                                 ;West Maas en Waal                                 ;Gelderland                                        ;311;West Maas en Waal;Gelderland;https://www.westmaasenwaal.nl
312;GM1969;Westerkwartier                                    ;Westerkwartier                                    ;Groningen                                         ;312;Westerkwartier;Groningen;https://www.westerkwartier.nl
313;GM1701;Westerveld                                        ;Westerveld                                        ;Drenthe                                           ;313;Westerveld;Drenthe;https://www.westerveld.nl
314;GM0293;Westervoort                                       ;Westervoort                                       ;Gelderland                                        ;314;Westervoort;Gelderland;https://www.westervoort.nl
315;GM1950;Westerwolde                                       ;Westerwolde                                       ;Groningen                                         ;315;Westerwolde;Groningen;https://www.westerwolde.nl
316;GM1783;Westland                                          ;Westland                                          ;Zuid-Holland                                      ;316;Westland;Zuid-Holland;https://www.gemeentewestland.nl
317;GM0098;Weststellingwerf                                  ;Weststellingwerf                                  ;Fryslân                                           ;317;Weststellingwerf;Fryslân;https://www.weststellingwerf.nl
318;GM0189;Wierden                                           ;Wierden                                           ;Overijssel                                        ;318;Wierden;Overijssel;https://www.wierden.nl
319;GM0296;Wijchen                                           ;Wijchen                                           ;Gelderland                                        ;319;Wijchen;Gelderland;https://www.wijchen.nl
320;GM1696;Wijdemeren                                        ;Wijdemeren                                        ;Noord-Holland                                     ;320;Wijdemeren;Noord-Holland;https://www.wijdemeren.nl
321;GM0352;Wijk bij Duurstede                                ;Wijk bij Duurstede                                ;Utrecht                                           ;321;Wijk bij Duurstede;Utrecht;https://www.wijkbijduurstede.nl
322;GM0294;Winterswijk                                       ;Winterswijk                                       ;Gelderland                                        ;322;Winterswijk;Gelderland;https://www.winterswijk.nl
323;GM0873;Woensdrecht                                       ;Woensdrecht                                       ;Noord-Brabant                                     ;323;Woensdrecht;Noord-Brabant;https://www.woensdrecht.nl
324;GM0632;Woerden                                           ;Woerden                                           ;Utrecht                                           ;324;Woerden;Utrecht;https://www.woerden.nl
325;GM1690;De Wolden                                         ;Wolden De                                         ;Drenthe                                           ;325;De Wolden;Drenthe;https://www.dewolden.nl
326;GM0880;Wormerland                                        ;Wormerland                                        ;Noord-Holland                                     ;326;Wormerland;Noord-Holland;https://www.wormerland.nl
327;GM0351;Woudenberg                                        ;Woudenberg                                        ;Utrecht                                           ;327;Woudenberg;Utrecht;https://www.woudenberg.nl
328;GM0479;Zaanstad                                          ;Zaanstad                                          ;Noord-Holland                                     ;328;Zaanstad;Noord-Holland;https://www.zaanstad.nl
329;GM0297;Zaltbommel                                        ;Zaltbommel                                        ;Gelderland                                        ;329;Zaltbommel;Gelderland;https://www.zaltbommel.nl
330;GM0473;Zandvoort                                         ;Zandvoort                                         ;Noord-Holland                                     ;330;Zandvoort;Noord-Holland;https://www.zandvoort.nl
331;GM0050;Zeewolde                                          ;Zeewolde                                          ;Flevoland                                         ;331;Zeewolde;Flevoland;https://www.zeewolde.nl
332;GM0355;Zeist                                             ;Zeist                                             ;Utrecht                                           ;332;Zeist;Utrecht;https://www.zeist.nl
333;GM0299;Zevenaar                                          ;Zevenaar                                          ;Gelderland                                        ;333;Zevenaar;Gelderland;https://www.zevenaar.nl
334;GM0637;Zoetermeer                                        ;Zoetermeer                                        ;Zuid-Holland                                      ;334;Zoetermeer;Zuid-Holland;https://www.zoetermeer.nl
335;GM0638;Zoeterwoude                                       ;Zoeterwoude                                       ;Zuid-Holland                                      ;335;Zoeterwoude;Zuid-Holland;https://www.zoeterwoude.nl
336;GM1892;Zuidplas                                          ;Zuidplas                                          ;Zuid-Holland                                      ;336;Zuidplas;Zuid-Holland;https://www.zuidplas.nl
337;GM0879;Zundert                                           ;Zundert                                           ;Noord-Brabant                                     ;337;Zundert;Noord-Brabant;https://www.zundert.nl
338;GM0301;Zutphen                                           ;Zutphen                                           ;Gelderland                                        ;338;Zutphen;Gelderland;https://www.zutphen.nl
339;GM1896;Zwartewaterland                                   ;Zwartewaterland                                   ;Overijssel                                        ;339;Zwartewaterland;Overijssel;https://www.zwartewaterland.nl
340;GM0642;Zwijndrecht                                       ;Zwijndrecht                                       ;Zuid-Holland                                      ;340;Zwijndrecht;Zuid-Holland;https://www.zwijndrecht.nl
341;GM0193;Zwolle                                            ;Zwolle                                            ;Overijssel                                        ;341;Zwolle;Overijssel;https://www.zwolle.nl